,remote ,booth,complex_id,station,line_name,division
444,R248,H007,119.0,1 AVE,L,BMT
445,R248,H008,119.0,1 AVE,L,BMT
545,R314,N037,156.0,103 ST,BC,IND
339,R180,R252,395.0,103 ST,6,IRT
357,R191,R170,309.0,103 ST,1,IRT
390,R208,R529,450.0,103 ST-CORONA,7,IRT
11,R007,J034,82.0,104 ST,JZ,BMT
340,R181,R253,394.0,110 ST,6,IRT
341,R181,R254,394.0,110 ST,6,IRT
359,R192,R171,308.0,110 ST-CATHEDRL,1,IRT
358,R192,R172,308.0,110 ST-CATHEDRL,1,IRT
558,R323,R301,441.0,110 ST-CPN,23,IRT
12,R008,J035,81.0,111 ST,J,BMT
540,R310,R530,449.0,111 ST,7,IRT
574,R333,N030,154.0,116 ST,BC,IND
575,R333,N029,154.0,116 ST,BC,IND
342,R182,R256,393.0,116 ST,6,IRT
559,R324,R303,440.0,116 ST,23,IRT
560,R324,R302,440.0,116 ST,23,IRT
343,R182,R257,393.0,116 ST,6,IRT
292,R159,R173,307.0,116 ST-COLUMBIA,1,IRT
13,R009,J037,80.0,121 ST,JZ,BMT
81,R034,R174,306.0,125 ST,1,IRT
190,R102,N026,153.0,125 ST,ACBD,IND
191,R102,N025,153.0,125 ST,ACBD,IND
387,R206,R305,439.0,125 ST,23,IRT
386,R206,R304,439.0,125 ST,23,IRT
246,R132,R258,392.0,125 ST,456,IRT
388,R207,R306,438.0,135 ST,23,IRT
389,R207,R307,438.0,135 ST,23,IRT
573,R332,N022,152.0,135 ST,BC,IND
572,R332,N023,152.0,135 ST,BC,IND
571,R332,N024,152.0,135 ST,BC,IND
313,R169,R176,305.0,137 ST-CITY COL,1,IRT
314,R169,R175,305.0,137 ST-CITY COL,1,IRT
708,R445,R401,377.0,138 ST-3 AVE,6,IRT
537,R307,R259,391.0,138 ST-GR CONC,45,IRT
329,R175,N078,618.0,14 ST,ACEL,IND
195,R105,R127,601.0,14 ST,123FLM,IRT
196,R105,R128,601.0,14 ST,123FLM,IRT
297,R163,N512,601.0,14 ST-6 AVE,FLM123,IND
300,R163,N511,601.0,14 ST-6 AVE,FLM123,IND
299,R163,N510,601.0,14 ST-6 AVE,FLM123,IND
301,R163,N513,601.0,14 ST-6 AVE,FLM123,IND
320,R170,A037,602.0,14 ST-UNION SQ,LNRQ456,BMT
319,R170,A036,602.0,14 ST-UNION SQ,LNQR456,BMT
318,R170,A034,602.0,14 ST-UNION SQ,LNQR456,BMT
315,R170,A035,602.0,14 ST-UNION SQ,LNQR456,BMT
316,R170,R221,602.0,14 ST-UNION SQ,LNQR456,IRT
317,R170,A033,602.0,14 ST-UNION SQ,456LNQR,BMT
484,R273,R178,304.0,145 ST,1,IRT
485,R273,R177,304.0,145 ST,1,IRT
589,R344,R308,437.0,145 ST,3,IRT
189,R101,N019,151.0,145 ST,ABCD,IND
188,R101,N020,151.0,145 ST,ABCD,IND
590,R345,R309,436.0,148 ST-LENOX,3,IRT
119,R053,R311,434.0,149 ST-3 AVE,25,IRT
120,R053,R310,434.0,149 ST-3 AVE,25,IRT
384,R205,R260,603.0,149 ST-GR CONC,245,IRT
385,R205,R261,603.0,149 ST-GR CONC,245,IRT
758,R545,PTH11,,14TH STREET,1,PTH
435,R241,N542,241.0,15 ST-PROSPECT,FG,IND
436,R241,N541,241.0,15 ST-PROSPECT,FG,IND
546,R315,N202,220.0,155 ST,BD,IND
570,R331,N017,150.0,155 ST,C,IND
361,R193,R179,303.0,157 ST,1,IRT
360,R193,R180,303.0,157 ST,1,IRT
365,R195,N205,604.0,161 ST-YANKEE,BD4,IND
364,R195,N204,604.0,161 ST-YANKEE,BD4,IND
368,R195,R262B,604.0,161 ST-YANKEE,4BD,IRT
367,R195,R262A,604.0,161 ST-YANKEE,4BD,IRT
366,R195,R262,604.0,161 ST-YANKEE,BD4,IRT
363,R195,N203,604.0,161 ST-YANKEE,BD4,IND
519,R296,N016A,149.0,163 ST-AMSTERDM,C,IND
194,R104,N206,218.0,167 ST,BD,IND
193,R104,N207,218.0,167 ST,BD,IND
410,R221,R283,388.0,167 ST,4,IRT
82,R035,R182,605.0,168 ST-BROADWAY,1AC,IRT
84,R035,N013,605.0,168 ST-BROADWAY,AC1,IND
83,R035,N012,605.0,168 ST-BROADWAY,1AC,IND
217,R115,N340A,255.0,169 ST,F,IND
216,R115,N340,255.0,169 ST,F,IND
439,R243,R284,387.0,170 ST,4,IRT
706,R443,N208,217.0,170 ST,BD,IND
705,R443,N209,217.0,170 ST,BD,IND
636,R386,R322,428.0,174 ST,25,IRT
637,R386,R321,428.0,174 ST,25,IRT
455,R253,N212,216.0,174-175 ST,BD,IND
454,R253,N210,216.0,174-175 ST,BD,IND
231,R126,N010,147.0,175 ST,A,IND
232,R126,N011,147.0,175 ST,A,IND
539,R309,R286,385.0,176 ST,4,IRT
620,R372,E012,66.0,18 AVE,D,BMT
437,R242,N549,245.0,18 AVE,F,IND
645,R392,D008,74.0,18 AVE,N,BMT
438,R242,N550,245.0,18 AVE,F,IND
555,R321,R130,321.0,18 ST,1,IRT
554,R321,R129,321.0,18 ST,1,IRT
327,R174,N009,146.0,181 ST,A,IND
464,R260,R183,301.0,181 ST,1,IRT
326,R174,N007A,146.0,181 ST,A,IND
429,R237,N215,214.0,182-183 ST,BD,IND
487,R275,R288,383.0,183 ST,4,IRT
494,R280,N006A,145.0,190 ST,A,IND
486,R274,R185,300.0,191 ST,1,IRT
525,R300,N523,232.0,2 AVE,F,IND
526,R300,N521,232.0,2 AVE,F,IND
149,R076,MCC07,,2 BDWY CUST SRV,45,IRT
646,R393,D009,75.0,20 AVE,N,BMT
621,R373,E013,67.0,20 AVE,D,BMT
86,R037,R188,298.0,207 ST,1,IRT
529,R303,N603,221.0,21 ST,F,IND
87,R038,R190,297.0,215 ST,1,IRT
613,R365,R332,420.0,219 ST,25,IRT
682,R422,N553,247.0,22 AVE-BAY PKY,F,IND
614,R366,R333,419.0,225 ST,25,IRT
207,R111,N076,165.0,23 ST,CE,IND
208,R111,N075,165.0,23 ST,CE,IND
209,R111,N077,165.0,23 ST,CE,IND
243,R131,R227A,405.0,23 ST,6,IRT
244,R131,R226,405.0,23 ST,6,IRT
242,R131,R227,405.0,23 ST,6,IRT
356,R190,R132,320.0,23 ST,1,IRT
355,R190,R131,320.0,23 ST,1,IRT
245,R131,R226A,405.0,23 ST,6,IRT
160,R083,A031,14.0,23 ST-5 AVE,NR,BMT
161,R083,A030,14.0,23 ST-5 AVE,NR,BMT
381,R203,N509,228.0,23 ST-6 AVE,FM,IND
722,R453,N508,228.0,23 ST-6 AVE,FM,IND
89,R040,R194,295.0,231 ST,1,IRT
615,R367,R334,418.0,233 ST,25,IRT
536,R306,R196,294.0,238 ST,1,IRT
220,R117,R197,293.0,242 ST,1,IRT
654,R399,E015,69.0,25 AVE,D,BMT
492,R278,C016,31.0,25 ST,R,BMT
724,R455,C017,31.0,25 ST,R,BMT
268,R143,R229,404.0,28 ST,6,IRT
482,R272,R133,319.0,28 ST,1,IRT
483,R272,R134,319.0,28 ST,1,IRT
267,R143,R228,404.0,28 ST,6,IRT
269,R143,R230,404.0,28 ST,6,IRT
159,R082,A027,13.0,28 ST-BROADWAY,NR,BMT
158,R082,A029,13.0,28 ST-BROADWAY,NR,BMT
569,R330,H006,118.0,3 AVE,L,BMT
568,R330,H005,118.0,3 AVE,L,BMT
331,R176,R231A,403.0,33 ST,6,IRT
332,R176,R232,403.0,33 ST,6,IRT
333,R176,R232A,403.0,33 ST,6,IRT
330,R176,R231,403.0,33 ST,6,IRT
513,R291,R517,460.0,33 ST/RAWSON ST,7,IRT
512,R291,R516,460.0,33 ST/RAWSON ST,7,IRT
147,R072,R550,471.0,34 ST - 11 AVE,7,IRT
148,R072,R551,471.0,34 ST - 11 AVE,7,IRT
49,R022,A022,607.0,34 ST-HERALD SQ,BDFMNQR,BMT
52,R023,A025,607.0,34 ST-HERALD SQ,BDFMNQR,BMT
51,R023,N507,607.0,34 ST-HERALD SQ,BDFMNQR,IND
50,R022,N505,607.0,34 ST-HERALD SQ,BDFMNQR,IND
48,R022,N506,607.0,34 ST-HERALD SQ,BDFMNQR,IND
71,R031,R139,318.0,34 ST-PENN STA,123,IRT
68,R031,R141,318.0,34 ST-PENN STA,123,IRT
26,R013,N073,164.0,34 ST-PENN STA,ACE,IND
24,R013,N071,164.0,34 ST-PENN STA,ACE,IND
25,R013,N069,164.0,34 ST-PENN STA,ACE,IND
22,R012,N070,164.0,34 ST-PENN STA,ACE,IND
21,R012,N068,164.0,34 ST-PENN STA,ACE,IND
20,R012,N065,164.0,34 ST-PENN STA,ACE,IND
515,R293,R138,318.0,34 ST-PENN STA,123ACE,IRT
23,R012,N072,164.0,34 ST-PENN STA,ACE,IND
516,R293,R142,318.0,34 ST-PENN STA,123ACE,IRT
69,R031,R135,318.0,34 ST-PENN STA,123,IRT
19,R012,N067,164.0,34 ST-PENN STA,ACE,IND
70,R031,R137,318.0,34 ST-PENN STA,123,IRT
583,R339,N311,272.0,36 ST,MR,IND
371,R197,C018,32.0,36 ST,DNR,BMT
582,R339,N312,272.0,36 ST,MR,IND
461,R258,N537,608.0,4 AVE,DFGMNR,IND
465,R261,R518,459.0,40 ST-LOWERY ST,7,IRT
46,R021,N502,609.0,42 ST-BRYANT PK,BDFM7,IND
47,R021,N504,609.0,42 ST-BRYANT PK,BDFM7,IND
45,R021,N503,609.0,42 ST-BRYANT PK,BDFM7,IND
101,R045,R236,610.0,42 ST-GRD CNTRL,4567S,IRT
102,R045,R233,610.0,42 ST-GRD CNTRL,4567S,IRT
103,R046,R238,610.0,42 ST-GRD CNTRL,4567S,IRT
104,R046,R237,610.0,42 ST-GRD CNTRL,4567S,IRT
105,R046,R238A,610.0,42 ST-GRD CNTRL,4567S,IRT
106,R047,R240,610.0,42 ST-GRD CNTRL,4567S,IRT
107,R047,R237B,610.0,42 ST-GRD CNTRL,4567S,IRT
108,R048,R241A,610.0,42 ST-GRD CNTRL,4567S,IRT
15,R010,N060,611.0,42 ST-PA BUS TE,ACENQRS1237,IND
17,R011,N062,611.0,42 ST-PA BUS TE,ACENQRS1237,IND
18,R011,N063,611.0,42 ST-PA BUS TE,ACENQRS1237,IND
16,R011,N063A,611.0,42 ST-PA BUS TE,ACENQRS1237,IND
14,R010,N062A,611.0,42 ST-PA BUS TE,ACENQRS1237,IND
80,R033,R147,611.0,42 ST-TIMES SQ,1237ACENQRS,IRT
78,R033,R150,611.0,42 ST-TIMES SQ,1237ACENQRS,IRT
77,R033,R148,611.0,42 ST-TIMES SQ,1237ACENQRS,IRT
76,R033,R151,611.0,42 ST-TIMES SQ,1237ACENQRS,IRT
75,R032,R146,611.0,42 ST-TIMES SQ,1237ACENQRS,IRT
74,R032,R143,611.0,42 ST-TIMES SQ,ACENQRS1237,IRT
73,R032,A021,611.0,42 ST-TIMES SQ,1237ACENQRS,BMT
79,R033,R153,611.0,42 ST-TIMES SQ,1237ACENQRS,IRT
72,R032,R145,611.0,42 ST-TIMES SQ,1237ACENQRS,IRT
424,R232,C019,33.0,45 ST,R,BMT
473,R267,N316,270.0,46 ST,MR,IND
474,R267,N316A,270.0,46 ST,MR,IND
475,R267,N317,270.0,46 ST,MR,IND
413,R223,R520,458.0,46 ST-BLISS ST,7,IRT
412,R223,R519,458.0,46 ST-BLISS ST,7,IRT
44,R020,N501A,225.0,47-50 ST-ROCK,BDFM,IND
42,R020,N500,225.0,47-50 ST-ROCK,BDFM,IND
43,R020,N501,225.0,47-50 ST-ROCK,BDFM,IND
154,R081,A015,10.0,49 ST-7 AVE,NQR,BMT
155,R081,A013,10.0,49 ST-7 AVE,NQR,BMT
156,R081,A014,10.0,49 ST-7 AVE,NQR,BMT
157,R081,A016,10.0,49 ST-7 AVE,NQR,BMT
32,R015,N303,276.0,5 AVE-53 ST,EM,IND
33,R015,N304,276.0,5 AVE-53 ST,EM,IND
151,R079,A007,8.0,5 AVE-59 ST,NQR,BMT
150,R079,A006,8.0,5 AVE-59 ST,NQR,BMT
122,R054,R500,609.0,5 AVE-BRYANT PK,7BDFM,IRT
121,R054,R501,609.0,5 AVE-BRYANT PK,7BDFM,IRT
219,R116,R155,316.0,50 ST,1,IRT
426,R234,E004,61.0,50 ST,D,BMT
352,R188,N056,162.0,50 ST,CE,IND
218,R116,R154,316.0,50 ST,1,IRT
351,R188,N057,162.0,50 ST,CE,IND
109,R049,R243,612.0,51 ST,6,IRT
110,R049,R242,612.0,51 ST,6,IRT
111,R049,R242A,612.0,51 ST,6,IRT
563,R327,R521,457.0,52 ST-LINCOLN,7,IRT
425,R233,C020,34.0,53 ST,R,BMT
443,R247,E005,62.0,55 ST,D,BMT
528,R302,N600,224.0,57 ST,F,IND
153,R080,A011,9.0,57 ST-7 AVE,NQR,BMT
152,R080,A010,9.0,57 ST-7 AVE,NQR,BMT
116,R051,R245A,613.0,59 ST,456NQR,IRT
113,R050,R244A,613.0,59 ST,456NQR,IRT
112,R050,R244,613.0,59 ST,456NQR,IRT
396,R212,C021,35.0,59 ST,NR,BMT
115,R051,R245,613.0,59 ST,456NQR,IRT
397,R212,C022,35.0,59 ST,NR,BMT
164,R084,N051,614.0,59 ST-COLUMBUS,ABCD1,IND
163,R084,N049,614.0,59 ST-COLUMBUS,1ABCD,IND
162,R084,R158,614.0,59 ST-COLUMBUS,1ABCD,IRT
298,R163,H003,601.0,6 AVE,FLM123,BMT
273,R147,R523,456.0,61 ST/WOODSIDE,7,IRT
380,R202,N330C,263.0,63 DR-REGO PARK,MR,IND
379,R202,N330B,263.0,63 DR-REGO PARK,MR,IND
584,R340,N322,268.0,65 ST,MR,IND
302,R164,R160A,314.0,66 ST-LINCOLN,1,IRT
303,R164,R159,314.0,66 ST-LINCOLN,1,IRT
304,R164,R160,314.0,66 ST-LINCOLN,1,IRT
407,R219,N332,262.0,67 AVE,MR,IND
406,R219,N331,262.0,67 AVE,MR,IND
334,R177,R246,399.0,68ST-HUNTER COL,6,IRT
592,R347,R524,455.0,69 ST-FISK AVE,7,IRT
505,R288,N539A,240.0,7 AV-PARK SLOPE,FG,IND
321,R171,B004,41.0,7 AVE,BQ,BMT
213,R113,N300,277.0,7 AVE-53 ST,BDE,IND
212,R113,N301,277.0,7 AVE-53 ST,BDE,IND
618,R370,E009,64.0,71 ST,D,BMT
495,R281,N046,160.0,72 ST,BC,IND
720,R452,R161B,313.0,72 ST,123,IRT
721,R452,R161A,313.0,72 ST,123,IRT
771,R570,N700A,477.0,72 ST - SECOND AVE,Q,IND
770,R570,N700,477.0,72 ST - SECOND AVE,Q,IND
39,R018,R525,616.0,74 ST-BROADWAY,EFMR7,IRT
585,R341,N334B,260.0,75 AVE,EF,IND
336,R178,R247,398.0,77 ST,6,IRT
399,R214,C024,37.0,77 ST,R,BMT
335,R178,R248,398.0,77 ST,6,IRT
307,R166,R163,312.0,79 ST,1,IRT
306,R166,R162,312.0,79 ST,1,IRT
619,R371,E011,65.0,79 ST,D,BMT
328,R175,H001,618.0,8 AVE,ACEL,BMT
642,R390,D002,71.0,8 AVE,N,BMT
165,R085,A038,16.0,8 ST-B'WAY NYU,NR,BMT
166,R085,A039,16.0,8 ST-B'WAY NYU,NR,BMT
349,R187,N044,159.0,81 ST-MUSEUM,BC,IND
350,R187,N045,159.0,81 ST-MUSEUM,BC,IND
182,R096,R526,453.0,82 ST-JACKSON H,7,IRT
309,R167,R165,311.0,86 ST,1,IRT
308,R167,R164,311.0,86 ST,1,IRT
310,R167,R166,311.0,86 ST,1,IRT
337,R179,R250,397.0,86 ST,456,IRT
338,R179,R249,397.0,86 ST,456,IRT
401,R215,C026,38.0,86 ST,R,BMT
651,R397,D016,79.0,86 ST,N,BMT
400,R215,C025,38.0,86 ST,R,BMT
347,R186,N043,158.0,86 ST,BC,IND
348,R186,N042,158.0,86 ST,BC,IND
773,R571,N701A,476.0,86 ST - SECOND AVE,Q,IND
772,R571,N701,476.0,86 ST - SECOND AVE,Q,IND
616,R368,E001,59.0,9 AVE,D,BMT
462,R258,C012,608.0,9 ST,DFGMNR,BMT
225,R122,R527,452.0,90 ST-ELMHURST,7,IRT
270,R144,R251,396.0,96 ST,6,IRT
450,R251,N040,157.0,96 ST,BC,IND
311,R168,R168A,310.0,96 ST,123,IRT
312,R168,R168,310.0,96 ST,123,IRT
451,R251,N039,157.0,96 ST,BC,IND
774,R572,N702,475.0,96 ST - SECOND AVE,Q,IND
775,R572,N702A,475.0,96 ST - SECOND AVE,Q,IND
760,R547,PTH10,,9TH STREET,1,PTH
694,R433,J020,91.0,ALABAMA AVE,J,BMT
610,R362,R329,423.0,ALLERTON AVE,25,IRT
737,R464,N181A,196.0,AQUEDUCT TRACK,A,IND
602,R357,N181,197.0,AQUEDUCT-N CNDT,A,IND
294,R160,R220,407.0,ASTOR PLACE,6,IRT
293,R160,R219,407.0,ASTOR PLACE,6,IRT
128,R057,B001,617.0,ATLANTIC AVE,2345BDNQR,BMT
129,R057,B002,617.0,ATLANTIC AVE,BDNQR2345,BMT
127,R057,R610,617.0,ATLANTIC AVE,2345BDNQR,IRT
593,R348,H035,133.0,ATLANTIC AVE,L,BMT
467,R263,B020,48.0,AVE H,BQ,BMT
681,R421,N551,246.0,AVE I,F,IND
419,R228,B021,49.0,AVE J,BQ,BMT
420,R229,B022,50.0,AVE M,BQ,BMT
683,R423,N555,248.0,AVE N,F,IND
684,R423,N554,248.0,AVE N,F,IND
685,R424,N556,249.0,AVE P,F,IND
686,R425,N559,251.0,AVE U,F,IND
650,R396,D015,78.0,AVE U,N,BMT
276,R150,B025,52.0,AVE U,BQ,BMT
481,R271,N561,252.0,AVE X,F,IND
655,R400,E016,70.0,BAY 50 ST,D,BMT
622,R374,E014,68.0,BAY PARKWAY,D,BMT
648,R394,D011,76.0,BAY PKY-22 AVE,N,BMT
647,R394,D010,76.0,BAY PKY-22 AVE,N,BMT
398,R213,C023,36.0,BAY RIDGE AVE,R,BMT
402,R216,C027,39.0,BAY RIDGE-95 ST,R,BMT
403,R216,C028,39.0,BAY RIDGE-95 ST,R,BMT
514,R292,R729,443.0,BAYCHESTER AVE,5,IRT
677,R418,N186,202.0,BEACH 105 ST,AS,IND
603,R358,N195,208.0,BEACH 25 ST,A,IND
581,R338,N194,207.0,BEACH 36 ST,A,IND
580,R337,N193,206.0,BEACH 44 ST,A,IND
579,R336,N192,205.0,BEACH 60 ST,A,IND
578,R335,N191,204.0,BEACH 67 ST,A,IND
675,R416,N184,200.0,BEACH 90 ST,AS,IND
676,R417,N185,201.0,BEACH 98 ST,AS,IND
427,R235,H009,120.0,BEDFORD AVE,L,BMT
286,R156,N222,211.0,BEDFORD PARK BL,BD,IND
344,R183,R291,380.0,BEDFORD PARK BL,4,IRT
287,R156,N223,211.0,BEDFORD PARK BL,BD,IND
479,R269,N418,289.0,BEDFORD/NOSTRAN,G,IND
478,R269,N417,289.0,BEDFORD/NOSTRAN,G,IND
176,R090,R510,6.0,BEEBE-39 AVE,NQ,BMT
239,R129,N533,236.0,BERGEN ST,FG,IND
238,R129,N531,236.0,BERGEN ST,FG,IND
132,R058,R618,339.0,BERGEN ST,23,IRT
237,R129,N532,236.0,BERGEN ST,FG,IND
131,R058,R617,339.0,BERGEN ST,23,IRT
466,R262,B017,45.0,BEVERLEY ROAD,BQ,BMT
392,R210,R641,357.0,BEVERLY ROAD,25,IRT
362,R194,R217A,619.0,BLEECKER ST,6DF,IRT
200,R108,C001,620.0,BOROUGH HALL/CT,2345R,BMT
199,R108,R602,620.0,BOROUGH HALL/CT,2345R,IRT
202,R108,R604,620.0,BOROUGH HALL/CT,2345R,IRT
201,R108,R601A,620.0,BOROUGH HALL/CT,R2345,IRT
670,R412,B010,626.0,BOTANIC GARDEN,S2345,BMT
541,R311,A064,103.0,BOWERY,JZ,BMT
90,R041,R201,414.0,BOWLING GREEN,45,IRT
91,R041,R200A,414.0,BOWLING GREEN,45,IRT
92,R042,R202,414.0,BOWLING GREEN,45,IRT
633,R384,N133,191.0,BOYD-88 ST,A,IND
322,R172,B029,55.0,BRIGHTON BEACH,BQ,BMT
323,R172,B031,55.0,BRIGHTON BEACH,BQ,BMT
674,R415,N183,199.0,BROAD CHANNEL,AS,IND
230,R125,A085,107.0,BROAD ST,JZ,BMT
228,R125,A083,107.0,BROAD ST,JZ,BMT
229,R125,A084,107.0,BROAD ST,JZ,BMT
524,R299,N412,286.0,BROADWAY,G,IND
178,R092,R512,4.0,BROADWAY-31 ST,NQ,BMT
192,R103,N124,621.0,BROADWAY-ENY,ACJLZ,IND
731,R461,N519,619.0,BROADWAY/LAFAY,BDFQ6,IND
732,R461,N519A,619.0,BROADWAY/LAFAY,BDFQ6,IND
641,R389,R326,425.0,BRONX PARK EAST,25,IRT
710,R446,R403,376.0,BROOK AVE,6,IRT
709,R446,R402,376.0,BROOK AVE,6,IRT
100,R044,R210A,622.0,BROOKLYN BRIDGE,JZ456,IRT
97,R044,R210,622.0,BROOKLYN BRIDGE,456JZ,IRT
689,R428,R422,361.0,BUHRE AVE,6,IRT
611,R363,R330,422.0,BURKE AVE,25,IRT
440,R244,R287,384.0,BURNSIDE AVE,4,IRT
544,R313,H033,131.0,BUSHWICK AVE,L,BMT
735,R463,A046,623.0,CANAL ST,JNQRZ6,BMT
736,R463,R214,623.0,CANAL ST,JNQRZ6,IRT
734,R462,A044,623.0,CANAL ST,JNQRZ6,BMT
257,R139,N089,169.0,CANAL ST,ACE,IND
733,R462,A043,623.0,CANAL ST,JNQRZ6,BMT
553,R320,R120,325.0,CANAL ST,1,IRT
552,R320,R119,325.0,CANAL ST,1,IRT
258,R139,N090,169.0,CANAL ST,ACE,IND
221,R118,A066,623.0,CANAL ST,JNQRZ6,BMT
408,R220,N535,237.0,CARROLL ST,FG,IND
409,R220,N534,237.0,CARROLL ST,FG,IND
197,R106,R418,365.0,CASTLE HILL AVE,6,IRT
577,R334,N034,155.0,CATHEDRL-110 ST,BC,IND
576,R334,N035,155.0,CATHEDRL-110 ST,BC,IND
656,R401,K017,114.0,CENTRAL AVE,M,BMT
67,R030,R116,327.0,CHAMBERS ST,123,IRT
66,R029,N092,624.0,CHAMBERS ST,ACE23,IND
65,R029,N091,624.0,CHAMBERS ST,ACE23,IND
98,R044,A069,622.0,CHAMBERS ST,456JZ,BMT
99,R044,A071,622.0,CHAMBERS ST,JZ456,BMT
693,R432,J017,93.0,CHAUNCEY ST,JZ,BMT
761,R548,PTH09,,CHRISTOPHER ST,1,PTH
353,R189,R125,323.0,CHRISTOPHER ST,1,IRT
354,R189,R126,323.0,CHRISTOPHER ST,1,IRT
383,R204,N545,243.0,CHURCH AVE,FG,IND
185,R098,B015,44.0,CHURCH AVE,BQ,BMT
203,R109,R639,356.0,CHURCH AVE,25,IRT
184,R098,B016,44.0,CHURCH AVE,BQ,BMT
382,R204,N546,243.0,CHURCH AVE,FG,IND
766,R550,PTH07,,CITY / BUS,1,PTH
414,R224,R600,334.0,CLARK ST,23,IRT
504,R287,N419,290.0,CLASSON AVE,G,IND
696,R435,J022,89.0,CLEVELAND ST,J,BMT
549,R317,N420B,291.0,CLINTON-WASH AV,G,IND
500,R284,N112A,177.0,CLINTON-WASH AV,C,IND
499,R284,N111,177.0,CLINTON-WASH AV,C,IND
345,R184,B018,46.0,CORTELYOU ROAD,BQ,BMT
170,R088,A050,624.0,CORTLANDT ST,R,BMT
173,R088,A053,624.0,CORTLANDT ST,R,BMT
532,R305,R107,328.0,CORTLANDT ST,1,IRT
534,R305,R108,328.0,CORTLANDT ST,1,IRT
535,R305,R109,328.0,CORTLANDT ST,1,IRT
171,R088,A052,624.0,CORTLANDT ST,R,BMT
172,R088,A051,624.0,CORTLANDT ST,R,BMT
533,R305,R106,328.0,CORTLANDT ST,1,IRT
606,R359,N400A,606.0,COURT SQ,EMG,IND
591,R346,R508,606.0,COURT SQ,7,IRT
605,R359,N400,606.0,COURT SQ,EMG,IND
604,R359,N307,606.0,COURT SQ-23 ST,EMG,IND
698,R437,J024,87.0,CRESCENT ST,JZ,BMT
137,R062,R625,345.0,CROWN HTS-UTICA,34,IRT
136,R062,R626,345.0,CROWN HTS-UTICA,34,IRT
711,R447,R404,375.0,CYPRESS AVE,6,IRT
712,R447,R405,375.0,CYPRESS AVE,6,IRT
6,R003,J025,86.0,CYPRESS HILLS,J,BMT
428,R236,H023,127.0,DEKALB AVE,L,BMT
186,R099,C008,26.0,DEKALB AVE,BDNQR,BMT
265,R142,N525,625.0,DELANCEY ST,FJMZ,IND
266,R142,N526,625.0,DELANCEY ST,FJMZ,IND
181,R095,R515,1.0,DITMARS BL-31 S,NQ,BMT
679,R420,N548,244.0,DITMAS AVE,F,IND
680,R420,N547,244.0,DITMAS AVE,F,IND
85,R036,R186,299.0,DYCKMAN ST,1,IRT
346,R185,N003,144.0,DYCKMAN-200 ST,A,IND
692,R431,R730,442.0,DYRE AVE,5,IRT
714,R448,R407,374.0,E 143 ST,6,IRT
713,R448,R406,374.0,E 143 ST,6,IRT
715,R449,R408,373.0,E 149 ST,6,IRT
716,R449,R409,373.0,E 149 ST,6,IRT
411,R222,R417,366.0,E 177 ST-PARKCH,6,IRT
640,R388,R325,426.0,E 180 ST,25,IRT
638,R387,R323,427.0,E TREMONT AVE,25,IRT
639,R387,R323A,427.0,E TREMONT AVE,25,IRT
624,R376,H040,137.0,EAST 105 ST,L,BMT
459,R257,N529,234.0,EAST BROADWAY,F,IND
460,R257,N528,234.0,EAST BROADWAY,F,IND
134,R060,R621,341.0,EASTERN PKWY,23,IRT
296,R162,R414,369.0,ELDER AVE,6,IRT
7,R004,J028,85.0,ELDERTS LANE,JZ,BMT
405,R218,N325A,266.0,ELMHURST AVE,MR,IND
743,R470,X002,514.0,ELTINGVILLE PK,Z,SRT
264,R142,A061,625.0,ESSEX ST,FJMZ,BMT
376,R200,N128,188.0,EUCLID AVE,AC,IND
756,R543,PTH05,,EXCHANGE PLACE,1,PTH
501,R285,N196,209.0,FAR ROCKAWAY,A,IND
204,R110,R645,359.0,FLATBUSH AVE,25,IRT
205,R110,R646,359.0,FLATBUSH AVE,25,IRT
206,R110,R647,359.0,FLATBUSH AVE,25,IRT
548,R316,N414A,287.0,FLUSHING AVE,G,IND
625,R377,J007,98.0,FLUSHING AVE,JM,BMT
547,R316,N414,287.0,FLUSHING AVE,G,IND
210,R112,N217,213.0,FORDHAM ROAD,BD,IND
211,R112,N218,213.0,FORDHAM ROAD,BD,IND
222,R119,R289,382.0,FORDHAM ROAD,4,IRT
658,R403,K024,110.0,FOREST AVE,M,BMT
263,R141,N333B,261.0,FOREST HILLS-71,EFMR,IND
261,R141,N333A,261.0,FOREST HILLS-71,EFMR,IND
262,R141,N333,261.0,FOREST HILLS-71,EFMR,IND
8,R005,J030,84.0,FOREST PARKWAY,J,BMT
520,R297,N113,627.0,FRANKLIN AVE,ACS,IND
521,R297,N114,627.0,FRANKLIN AVE,ACS,IND
226,R123,R622,627.0,FRANKLIN AVE,2345S,IRT
587,R343,R117,326.0,FRANKLIN ST,1,IRT
588,R343,R118,326.0,FRANKLIN ST,1,IRT
666,R409,R320,429.0,FREEMAN ST,25,IRT
667,R409,R319,429.0,FREEMAN ST,25,IRT
659,R404,K025,109.0,FRESH POND ROAD,M,BMT
506,R289,N543,242.0,FT HAMILTON PKY,FG,IND
507,R289,N544,242.0,FT HAMILTON PKY,FG,IND
644,R391,D004,72.0,FT HAMILTON PKY,N,BMT
617,R369,E003,60.0,FT HAMILTON PKY,D,BMT
643,R391,D003,72.0,FT HAMILTON PKY,N,BMT
27,R014,N095,628.0,FULTON ST,ACJZ2345,IND
62,R028,R114,628.0,FULTON ST,2345ACJZ,IRT
4,R002,A081,628.0,FULTON ST,ACJZ2345,BMT
5,R002,A082,628.0,FULTON ST,ACJZ2345,BMT
28,R014,R205,628.0,FULTON ST,ACJZ2345,IRT
30,R014,R208,628.0,FULTON ST,2345ACJZ,IRT
550,R318,N422,292.0,FULTON ST,G,IND
29,R014,R206,628.0,FULTON ST,2345ACJZ,IRT
60,R028,R113A,628.0,FULTON ST,2345ACJZ,IRT
61,R028,R113,628.0,FULTON ST,2345ACJZ,IRT
31,R014,R205A,628.0,FULTON ST,2345ACJZ,IRT
3,R002,A077,628.0,FULTON ST,ACJZ2345,BMT
628,R380,J013,95.0,GATES AVE,JZ,BMT
447,R249,H013,122.0,GRAHAM AVE,L,BMT
446,R249,H014,122.0,GRAHAM AVE,L,BMT
133,R059,R619,340.0,GRAND ARMY PLAZ,23,IRT
456,R254,N327,265.0,GRAND AV-NEWTON,MR,IND
448,R250,H016,123.0,GRAND ST,L,BMT
449,R250,H015,123.0,GRAND ST,L,BMT
434,R240,N520,231.0,GRAND ST,BD,IND
179,R093,R513,3.0,GRAND-30 AVE,NQ,BMT
630,R382,N129,189.0,GRANT AVE,A,IND
432,R239,N405,283.0,GREENPOINT AVE,G,IND
433,R239,N403,283.0,GREENPOINT AVE,G,IND
599,R355,N139,194.0,GREENWOOD-111,A,IND
600,R355,N138,194.0,GREENWOOD-111,A,IND
768,R551,PTH04,,GROVE STREET,1,PTH
612,R364,R331,421.0,GUN HILL ROAD,25,IRT
416,R226,R728,444.0,GUN HILL ROAD,5,IRT
472,R266,H030,129.0,HALSEY ST,L,BMT
629,R381,J016,94.0,HALSEY ST,J,BMT
471,R266,H028,129.0,HALSEY ST,L,BMT
757,R544,PTH02,,HARRISON,1,PTH
596,R352,J003,100.0,HEWES ST,JM,BMT
453,R252,N101,173.0,HIGH ST,AC,IND
452,R252,N100,173.0,HIGH ST,AC,IND
510,R290,R122,324.0,HOUSTON ST,1,IRT
511,R290,R124,324.0,HOUSTON ST,1,IRT
509,R290,R121,324.0,HOUSTON ST,1,IRT
508,R290,R123,324.0,HOUSTON ST,1,IRT
672,R414,N182,198.0,HOWARD BCH-JFK,A,IND
673,R414,N182A,198.0,HOWARD BCH-JFK,A,IND
725,R456,R605,336.0,HOYT ST,23,IRT
415,R225,R606,336.0,HOYT ST,23,IRT
180,R094,R514,2.0,HOYT ST-ASTORIA,NQ,BMT
404,R217,N108,175.0,HOYT/SCHERMER,ACG,IND
632,R383,N130,190.0,HUDSON-80 ST,A,IND
631,R383,N131,190.0,HUDSON-80 ST,A,IND
248,R134,R507,463.0,HUNTERS PT AVE,7,IRT
272,R146,R412,371.0,HUNTS POINT AVE,6,IRT
663,R407,R316,431.0,INTERVALE-163,25,IRT
325,R173,N001,143.0,INWOOD-207 ST,A,IND
324,R173,N002A,143.0,INWOOD-207 ST,A,IND
660,R405,R312,433.0,JACKSON AVE,25,IRT
54,R025,N606,278.0,JAMAICA CENTER,EJZ,IND
55,R025,N607,278.0,JAMAICA CENTER,EJZ,IND
41,R019,N342,254.0,JAMAICA-179 ST,F,IND
40,R019,N343,254.0,JAMAICA-179 ST,F,IND
586,R342,N604,280.0,JAMAICA-VAN WYC,E,IND
233,R127,N103,636.0,JAY ST-METROTEC,ACF,IND
234,R127,N102,636.0,JAY ST-METROTEC,ACF,IND
175,R089,C004,636.0,JAY ST-METROTEC,R,BMT
174,R089,C003,636.0,JAY ST-METROTEC,R,BMT
493,R279,H022,126.0,JEFFERSON ST,L,BMT
746,R535,JFK01,,JFK HOWARD BCH,A,IND
747,R535,JFK02,,JFK HOWARD BCH,A,IND
748,R536,JFK03,,JFK JAMAICA CT1,E,IND
749,R537,JFK04,,JFK JAMAICA CT2,E,IND
769,R552,PTH03,,JOURNAL SQUARE,1,PTH
183,R097,R528,451.0,JUNCTION BLVD,7,IRT
141,R066,R630,349.0,JUNIUS ST,3,IRT
394,R211,B023,51.0,KINGS HIGHWAY,BQ,BMT
395,R211,B024A,51.0,KINGS HIGHWAY,BQ,BMT
241,R130,N558,250.0,KINGS HIGHWAY,F,IND
240,R130,N557,250.0,KINGS HIGHWAY,F,IND
393,R211,B024,51.0,KINGS HIGHWAY,BQ,BMT
649,R395,D012,77.0,KINGS HIGHWAY,N,BMT
295,R161,R290,381.0,KINGSBRIDGE RD,4,IRT
285,R155,N220,212.0,KINGSBRIDGE RD,BD,IND
284,R155,N221,212.0,KINGSBRIDGE RD,BD,IND
227,R124,R624,344.0,KINGSTON AVE,3,IRT
375,R199,N118,180.0,KINGSTON-THROOP,C,IND
374,R199,N119,180.0,KINGSTON-THROOP,C,IND
671,R413,K019,113.0,KNICKERBOCKER,M,BMT
627,R379,J012,96.0,KOSCIUSZKO ST,J,BMT
767,R550,PTH16,,LACKAWANNA,1,PTH
498,R283,N110,176.0,LAFAYETTE AVE,C,IND
601,R356,N141,195.0,LEFFERTS BLVD,A,IND
117,R051,A002,613.0,LEXINGTON AVE,456NQR,BMT
551,R319,N601,223.0,LEXINGTON AVE,F,IND
114,R050,A004,613.0,LEXINGTON AVE,456NQR,BMT
35,R017,N306,613.0,LEXINGTON-53 ST,EM6,IND
36,R017,N305,613.0,LEXINGTON-53 ST,EM6,IND
34,R016,N305A,613.0,LEXINGTON-53 ST,EM6,IND
750,R538,LGA01,,LGA AIRPORT CTB,7,IRT
744,R526,LI001,,LIB-HEMPSTEAD,F,LIB
702,R440,N125,185.0,LIBERTY AVE,C,IND
595,R350,H038,135.0,LIVONIA AVE,L,BMT
718,R450,R411,372.0,LONGWOOD AVE,6,IRT
717,R450,R410,372.0,LONGWOOD AVE,6,IRT
477,R268,H012,629.0,LORIMER ST,GL,BMT
597,R353,J005,99.0,LORIMER ST,JM,BMT
124,R055,R534,447.0,MAIN ST,7,IRT
123,R055,R533,447.0,MAIN ST,7,IRT
88,R039,R192,296.0,MARBLE HILL-225,1,IRT
730,R460,J001,101.0,MARCY AVE,JMZ,BMT
729,R460,J002,101.0,MARCY AVE,JMZ,BMT
726,R457,MCB1,,METROCARD BUS 1,23,BMT
727,R458,MCB2,,METROCARD BUS 2,23,BMT
738,R465,MCV1,,METROCARD VAN-1,1,BMT
739,R466,MCV2,,METROCARD VAN-2,1,BMT
740,R467,MCV3,,METROCARD VAN-3,1,BMT
187,R100,K026,108.0,METROPOLITAN AV,M,BMT
476,R268,N409,629.0,METROPOLITAN AV,GL,IND
564,R328,R532,448.0,METS-WILLETS PT,7,IRT
565,R328,R532G,448.0,METS-WILLETS PT,7,IRT
566,R328,R532H,448.0,METS-WILLETS PT,7,IRT
688,R427,R421,362.0,MIDDLETOWN ROAD,6,IRT
470,R265,H017,124.0,MONTROSE AVE,L,BMT
517,R294,H019,125.0,MORGAN AVE,L,BMT
567,R329,R726,446.0,MORRIS PARK,5,IRT
223,R120,R415,368.0,MORRISON AVE,6,IRT
247,R133,R293,379.0,MOSHOLU PARKWAY,4,IRT
538,R308,R285,386.0,MT EDEN AVE,4,IRT
169,R087,A047,20.0,MURRAY ST-B'WAY,R,BMT
254,R137,H027,630.0,MYRTLE AVE,LM,BMT
253,R137,H026,630.0,MYRTLE AVE,LM,BMT
626,R378,J009,97.0,MYRTLE AVE,JMZ,BMT
503,R286,N416,288.0,MYRTLE-WILLOUGH,G,IND
502,R286,N415,288.0,MYRTLE-WILLOUGH,G,IND
458,R256,N408A,284.0,NASSAU AV,G,IND
421,R230,B026,53.0,NECK ROAD,BQ,BMT
687,R426,N562,253.0,NEPTUNE AVE,F,IND
707,R444,R335,417.0,NEREID AVE,25,IRT
125,R056,R608,337.0,NEVINS ST,2345,IRT
126,R056,R609,337.0,NEVINS ST,2345,IRT
623,R375,H039,136.0,NEW LOTS AVE,L,BMT
144,R069,R634,352.0,NEW LOTS AVE,3,IRT
653,R398,D006,615.0,NEW UTRECHT AVE,ND,BMT
652,R398,D005,615.0,NEW UTRECHT AVE,ND,BMT
763,R549,PTH18,,NEWARK BM BW,1,PTH
764,R549,PTH19,,NEWARK C,1,PTH
765,R549,PTH20,,NEWARK HM HE,1,PTH
762,R549,PTH01,,NEWARK HW BMEBE,1,PTH
250,R135,R644,358.0,NEWKIRK AVE,25,IRT
249,R135,R643,358.0,NEWKIRK AVE,25,IRT
275,R149,B019,47.0,NEWKIRK AVE,BQ,BMT
522,R298,N318,269.0,NORTHERN BLVD,MR,IND
523,R298,N319,269.0,NORTHERN BLVD,MR,IND
697,R436,J023,88.0,NORWOOD AVE,JZ,BMT
288,R157,N224,210.0,NORWOOD-205 ST,D,IND
289,R157,N225,210.0,NORWOOD-205 ST,D,IND
135,R061,R623,343.0,NOSTRAND AVE,3,IRT
373,R198,N117,179.0,NOSTRAND AVE,AC,IND
372,R198,N116,179.0,NOSTRAND AVE,AC,IND
668,R410,X001,,NYC & CO - 7 AV,1,IRT
468,R264,B032,56.0,OCEAN PARKWAY,Q,BMT
469,R264,B034,56.0,OCEAN PARKWAY,Q,BMT
728,R459,OB01,,ORCHARD BEACH,6,IND
598,R354,N137,193.0,OXFORD-104 ST,A,IND
130,R057,C009,617.0,PACIFIC ST,BDNQR2345,BMT
669,R411,B009,141.0,PARK PLACE,S,BMT
63,R029,R115,624.0,PARK PLACE,23ACE,IRT
274,R148,B014,43.0,PARKSIDE AVE,BQ,BMT
215,R114,N339,256.0,PARSONS BLVD,F,IND
214,R114,N339A,256.0,PARSONS BLVD,F,IND
751,R540,PTH08,,PATH WTC,1,PTH
752,R540,PTH21,,PATH WTC 2,1,PTH
759,R546,PTH06,,PAVONIA/NEWPORT,1,PTH
690,R429,R423,360.0,PELHAM BAY PARK,6,IRT
608,R361,R328,424.0,PELHAM PARKWAY,25,IRT
609,R361,R327,424.0,PELHAM PARKWAY,25,IRT
691,R430,R727,445.0,PELHAM PARKWAY,5,IRT
142,R067,R632,350.0,PENNSYLVANIA AV,3,IRT
491,R277,R635,353.0,PRESIDENT ST,25,IRT
167,R086,A041,17.0,PRINCE ST-B'WAY,NR,BMT
168,R086,A042,17.0,PRINCE ST-B'WAY,NR,BMT
442,R246,C014,30.0,PROSPECT AVE,R,BMT
723,R454,C015,30.0,PROSPECT AVE,R,BMT
661,R406,R314,432.0,PROSPECT AVE,25,IRT
662,R406,R315,432.0,PROSPECT AVE,25,IRT
370,R196,B013,42.0,PROSPECT PARK,BQS,BMT
369,R196,B012,42.0,PROSPECT PARK,BQS,BMT
259,R140,N309A,273.0,QUEENS PLAZA,EMR,IND
260,R140,N310,273.0,QUEENS PLAZA,EMR,IND
224,R121,R509,461.0,QUEENSBORO PLZ,7NQ,IRT
699,R438,N121B,182.0,RALPH AVE,C,IND
418,R227,A054,22.0,RECTOR ST,R,BMT
530,R304,R103,329.0,RECTOR ST,1,IRT
531,R304,R102,329.0,RECTOR ST,1,IRT
417,R227,A055,22.0,RECTOR ST,R,BMT
741,R468,TRAM1,,RIT-MANHATTAN,R,RIT
742,R469,TRAM2,,RIT-ROOSEVELT,R,RIT
140,R065,R629,348.0,ROCKAWAY AVE,3,IRT
700,R439,N122,183.0,ROCKAWAY AVE,C,IND
701,R439,N123B,183.0,ROCKAWAY AVE,C,IND
634,R385,N134,192.0,ROCKAWAY BLVD,A,IND
635,R385,N135,192.0,ROCKAWAY BLVD,A,IND
678,R419,N187,203.0,ROCKAWAY PK 116,AS,IND
279,R152,H041,138.0,ROCKAWAY PKY,L,BMT
38,R018,N323,616.0,ROOSEVELT AVE,EFMR7,IND
37,R018,N324,616.0,ROOSEVELT AVE,EFMR7,IND
463,R259,N602,222.0,ROOSEVELT IS,F,IND
139,R064,R628,347.0,SARATOGA AVE,3,IRT
657,R402,K022,111.0,SENECA AVE,M,BMT
252,R136,B028,54.0,SHEEPSHEAD BAY,BQ,BMT
251,R136,B027,54.0,SHEEPSHEAD BAY,BQ,BMT
704,R442,N127,187.0,SHEPHERD AVE,C,IND
664,R408,R318,430.0,SIMPSON ST,25,IRT
665,R408,R317,430.0,SIMPSON ST,25,IRT
480,R270,N536,238.0,SMITH-9 ST,FG,IND
2,R001,R101S,635.0,SOUTH FERRY,R1,IRT
556,R322,R215,409.0,SPRING ST,6,IRT
557,R322,R216,409.0,SPRING ST,6,IRT
497,R282,N087,168.0,SPRING ST,CE,IND
496,R282,N086,168.0,SPRING ST,CE,IND
441,R245,R416,367.0,ST LAWRENCE AVE,6,IRT
146,R070,S101A,501.0,ST. GEORGE,1,SRT
145,R070,S101,501.0,ST. GEORGE,1,SRT
430,R238,N315,271.0,STEINWAY ST,MR,IND
431,R238,N314,271.0,STEINWAY ST,MR,IND
391,R209,R636,354.0,STERLING ST,25,IRT
277,R151,G001,58.0,STILLWELL AVE,DFNQ,BMT
278,R151,G009,58.0,STILLWELL AVE,DFNQ,BMT
236,R128,N338,257.0,SUTPHIN BLVD,F,IND
235,R128,N338B,257.0,SUTPHIN BLVD,F,IND
53,R024,N605,279.0,SUTPHIN BLVD,EJZ,IND
594,R349,H037,134.0,SUTTER AVE,L,BMT
138,R063,R627,346.0,SUTTER AVE,3,IRT
753,R541,PTH13,,THIRTY ST,1,PTH
754,R541,PTH17,,THIRTY THIRD ST,1,PTH
305,R165,S102,502.0,TOMPKINSVILLE,1,SRT
283,R154,N214,215.0,TREMONT AVE,BD,IND
282,R154,N213,215.0,TREMONT AVE,BD,IND
755,R542,PTH12,,TWENTY THIRD ST,1,PTH
423,R231,C011,28.0,UNION ST,R,BMT
422,R231,C010,28.0,UNION ST,R,BMT
291,R158,N335,259.0,UNION TPK-KEW G,EF,IND
290,R158,N336,259.0,UNION TPK-KEW G,EF,IND
281,R153,N120A,181.0,UTICA AVE,AC,IND
280,R153,N120,181.0,UTICA AVE,AC,IND
607,R360,N401,282.0,VAN ALSTON-21ST,G,IND
703,R441,N126,186.0,VAN SICLEN AVE,C,IND
695,R434,J021,90.0,VAN SICLEN AVE,JZ,BMT
143,R068,R633,351.0,VAN SICLEN AVE,3,IRT
457,R255,N337,258.0,VAN WYCK BLVD,EF,IND
490,R276,R506,464.0,VERNON/JACKSON,7,IRT
488,R276,R504,464.0,VERNON/JACKSON,7,IRT
489,R276,R503,464.0,VERNON/JACKSON,7,IRT
256,R138,N083,167.0,W 4 ST-WASH SQ,ABCDEFM,IND
255,R138,N080,167.0,W 4 ST-WASH SQ,ABCDEFM,IND
542,R312,G011,57.0,W 8 ST-AQUARIUM,FQ,BMT
543,R312,G015,57.0,W 8 ST-AQUARIUM,FQ,BMT
271,R145,R336,416.0,WAKEFIELD-241,2,IRT
56,R027,R111,333.0,WALL ST,23,IRT
94,R043,R203A,413.0,WALL ST,45,IRT
95,R043,R204,413.0,WALL ST,45,IRT
93,R043,R203,413.0,WALL ST,45,IRT
58,R027,R112,333.0,WALL ST,23,IRT
96,R043,R204A,413.0,WALL ST,45,IRT
59,R027,R112A,333.0,WALL ST,23,IRT
57,R027,R110,333.0,WALL ST,23,IRT
177,R091,R511,5.0,WASHINGTON-36 A,NQ,BMT
745,R532,WCCTR,,WEST COUNTY CTR,5,BEE
198,R107,R420,363.0,WESTCHESTER SQ,6,IRT
1,R001,A058,635.0,WHITEHALL ST,R1,BMT
0,R001,A060,635.0,WHITEHALL ST,R1,BMT
561,R325,R413,370.0,WHITLOCK AVE,6,IRT
518,R295,H032,130.0,WILSON AVE,L,BMT
719,R451,R637,355.0,WINTHROP ST,25,IRT
10,R006,J032,83.0,WOODHAVEN BLVD,JZ,BMT
378,R201,N329A,264.0,WOODHAVEN BLVD,MR,IND
377,R201,N329,264.0,WOODHAVEN BLVD,MR,IND
9,R006,J031,83.0,WOODHAVEN BLVD,JZ,BMT
118,R052,R294,378.0,WOODLAWN ROAD,4,IRT
64,R029,N094,624.0,WORLD TRADE CTR,23ACE,IND
527,R301,N530,235.0,YORK ST,F,IND
562,R326,R419,364.0,ZEREGA AVE,6,IRT
